,dataset,circuit_id,layer,num_params,dataset,"('accuracy', 'mean')","('accuracy', 'median')","('accuracy', 'std')","('entcap', 'mean')","('expr', 'mean')","('last_cost_avg', 'mean')","('last_cost_avg', 'median')","('last_cost_avg', 'std')","('num_iter', 'mean')","('num_iter', 'median')","('num_iter', 'std')"
0,0.0,1.0,1.0,10.0,0.0,0.94140625,0.96875,0.0513150175561279,1.9154310836370983e-32,0.3588376771800118,0.1383509635925293,0.14294052124023438,0.02681929466817566,94.125,85.5,33.59607757717303
1,0.0,1.0,2.0,20.0,0.0,0.953125,0.96875,0.023622779563076707,6.299734155172604e-32,0.2850028545937518,0.13663911819458008,0.13802719116210938,0.023096409123890913,76.375,72.5,27.77428152600377
2,0.0,1.0,3.0,30.0,0.0,0.9453125,0.953125,0.032346823094172854,1.1207084474532626e-31,0.25912300795940263,0.1287374496459961,0.12451362609863281,0.014801461735840016,75.0,69.5,14.947527268032374
3,0.0,1.0,4.0,40.0,0.0,0.9296875,0.9375,0.03640514828191987,1.618543441653015e-31,0.2488595800337194,0.12860822677612305,0.12380599975585938,0.017349088883280146,71.75,71.5,20.4712341731374
4,0.0,1.0,5.0,50.0,0.0,0.9375,0.953125,0.044194173824159216,2.142028295469013e-31,0.2505103372125487,0.11496639251708984,0.11433219909667969,0.0060471657448139815,75.25,78.5,20.830952244882408
5,0.0,1.0,6.0,60.0,0.0,0.90625,0.90625,0.033407655239053057,2.641002249773218e-31,0.2500562469444191,0.12442636489868164,0.11915779113769531,0.014911452452980924,86.0,77.5,33.568692897656035
6,0.0,1.0,7.0,70.0,0.0,0.90625,0.90625,0.02362277956307668,3.1428734283268834e-31,0.27498760387788074,0.11633682250976562,0.11486434936523438,0.009750473879810902,69.5,68.0,21.0780861153406
7,0.0,1.0,8.0,80.0,0.0,0.9296875,0.9375,0.032346823094172854,3.6570651791677525e-31,0.24719744701541274,0.12592172622680664,0.1231842041015625,0.011968624319071955,62.375,62.0,18.806818672264285
8,0.0,2.0,1.0,10.0,0.0,0.94140625,0.953125,0.04852023464125928,0.6813345448198691,0.38058793190606677,0.14383602142333984,0.14662551879882812,0.04095168733605646,77.125,62.5,31.018139853962875
9,0.0,2.0,2.0,20.0,0.0,0.94921875,0.96875,0.049937181520529214,0.7529174582115091,0.04481502224466796,0.12124013900756836,0.12193107604980469,0.02605490844054143,97.25,82.0,46.3919635897672
10,0.0,2.0,3.0,30.0,0.0,0.92578125,0.96875,0.08669511824079668,0.8473807893010603,0.015305907194591526,0.10204267501831055,0.10198402404785156,0.010029484568406905,112.875,106.0,34.415268621437704
11,0.0,2.0,4.0,40.0,0.0,0.95703125,0.96875,0.023250744035713918,0.8726154517924303,0.009529129657150467,0.1095743179321289,0.10270118713378906,0.024080491438665735,86.25,71.5,36.074328030569646
12,0.0,2.0,5.0,50.0,0.0,0.93359375,0.953125,0.0513150175561279,0.8925438561089734,0.010305828602503692,0.11364078521728516,0.11037445068359375,0.021512294769947756,80.25,84.5,22.448353423549165
13,0.0,2.0,6.0,60.0,0.0,0.93359375,0.953125,0.0677226404298128,0.9008267071820972,0.010687709155727724,0.10355329513549805,0.10265731811523438,0.010737383111309576,78.0,77.0,20.191936155660898
14,0.0,2.0,7.0,70.0,0.0,0.91796875,0.921875,0.03314563036811942,0.9058181143881091,0.010474736557783875,0.11010169982910156,0.10941314697265625,0.00906673283180131,84.375,85.0,13.55346555576944
15,0.0,2.0,8.0,80.0,0.0,0.88671875,0.921875,0.12038060456467704,0.9077507585131601,0.010284319975327992,0.11167430877685547,0.11421012878417969,0.012937045540103507,73.5,65.5,29.861585452120348
16,0.0,3.0,1.0,14.0,0.0,0.8984375,0.9375,0.0847626676162836,0.18230214763035382,0.31145279607612897,0.14468717575073242,0.1466503143310547,0.023298268418277823,80.125,84.0,15.431299362010966
17,0.0,3.0,2.0,28.0,0.0,0.94140625,0.9375,0.026078842512383762,0.3505969021188801,0.14128114080671744,0.12706708908081055,0.12786293029785156,0.017319069653988994,85.25,73.5,37.59464247545311
18,0.0,3.0,3.0,42.0,0.0,0.921875,0.921875,0.040915854419248554,0.46613596216196374,0.07742135866139649,0.09932613372802734,0.09746742248535156,0.014530816854957029,98.25,88.0,29.17312853588776
19,0.0,3.0,4.0,56.0,0.0,0.9453125,0.96875,0.04941058844013093,0.5430829059851536,0.056172716150834745,0.10877323150634766,0.10526275634765625,0.026859638487222965,83.25,76.0,35.22478834976463
20,0.0,3.0,5.0,70.0,0.0,0.94921875,0.96875,0.03314563036811939,0.6001435152416321,0.04449237755010432,0.10991430282592773,0.10744476318359375,0.02289926523492018,109.0,106.0,48.05651434955069
21,0.0,3.0,6.0,84.0,0.0,0.93359375,0.953125,0.04852023464125928,0.64292165640668,0.027099974998249725,0.10505819320678711,0.10487556457519531,0.014408421984699585,107.625,99.0,33.02353057182971
22,0.0,3.0,7.0,98.0,0.0,0.90234375,0.90625,0.07551441885730925,0.6778990013868207,0.02610800525854994,0.09621286392211914,0.09710502624511719,0.010962240352300869,96.625,89.0,41.6342492941294
23,0.0,3.0,8.0,112.0,0.0,0.953125,0.96875,0.0236227795630767,0.7075746458490569,0.016228880034247346,0.1091299057006836,0.10451316833496094,0.023108727683972177,94.25,89.0,43.54226190069335
24,0.0,4.0,1.0,14.0,0.0,0.91796875,0.9375,0.06455872707133738,0.3364831053622226,0.1879908972045399,0.14060258865356445,0.1444091796875,0.03590670915493841,82.375,83.0,34.5994942159564
25,0.0,4.0,2.0,28.0,0.0,0.953125,0.96875,0.023622779563076707,0.4973578877692445,0.06958944487493388,0.11481142044067383,0.10452079772949219,0.034110979584083934,98.75,88.5,41.97873611382656
26,0.0,4.0,3.0,42.0,0.0,0.95703125,0.96875,0.023250744035713904,0.5994523780111353,0.03389633851645932,0.10120868682861328,0.09254837036132812,0.023222972023528736,92.375,86.5,27.160567530363362
27,0.0,4.0,4.0,56.0,0.0,0.93359375,0.9375,0.035187238326862595,0.6642684766268433,0.023148357420279556,0.10229921340942383,0.09991264343261719,0.018278033299435215,93.875,91.0,36.34531803213645
28,0.0,4.0,5.0,70.0,0.0,0.94921875,0.96875,0.02862891816602824,0.7143783743206094,0.01700394545916602,0.10004377365112305,0.09587287902832031,0.013545704224468092,82.875,85.0,17.650880188494042
29,0.0,4.0,6.0,84.0,0.0,0.9375,0.953125,0.03735089404169982,0.7519654082637983,0.011563313079240915,0.10036849975585938,0.09912872314453125,0.010607352948420768,87.375,74.0,33.94507117598749
30,0.0,4.0,7.0,98.0,0.0,0.93359375,0.953125,0.06346905003621843,0.7799966805669896,0.009993727853171023,0.10715866088867188,0.10669136047363281,0.030488061936192672,90.25,75.5,48.43773617453943
31,0.0,4.0,8.0,112.0,0.0,0.890625,0.90625,0.08183170883849714,0.8037735137029665,0.010780630177712917,0.10791635513305664,0.1087646484375,0.017663711843508543,89.25,97.0,25.279862115356337
32,0.0,5.0,1.0,40.0,0.0,0.9609375,0.96875,0.014465939058946104,0.3404151380468718,0.07052009755409636,0.11017465591430664,0.11277580261230469,0.02767290467853209,107.125,107.0,21.616379371737004
33,0.0,5.0,2.0,80.0,0.0,0.9453125,0.953125,0.03640514828191985,0.6563840110828707,0.014349747063947208,0.11250448226928711,0.11076164245605469,0.015218623968564092,85.0,74.5,30.467781578016382
34,0.0,5.0,3.0,120.0,0.0,0.90234375,0.921875,0.06346905003621846,0.798636919748701,0.009080139680468873,0.11195659637451172,0.11236953735351562,0.01923553562156307,75.625,80.0,22.563798439092654
35,0.0,5.0,4.0,160.0,0.0,0.921875,0.953125,0.08995286464111557,0.8596752583597245,0.007050800043535065,0.11609506607055664,0.1074676513671875,0.02268503744467248,72.25,73.0,25.437598718657163
36,0.0,5.0,5.0,200.0,0.0,0.91015625,0.9375,0.08424676101234652,0.8870913889825927,0.0081162308041782,0.10542726516723633,0.10976791381835938,0.014583885557527954,98.125,89.0,37.87738677062382
37,0.0,5.0,6.0,240.0,0.0,0.87890625,0.953125,0.1401903003509872,0.8989818880250593,0.009046415821531154,0.1257014274597168,0.12814712524414062,0.021829621250061142,78.625,68.0,30.10428303651919
38,0.0,5.0,7.0,280.0,0.0,0.8828125,0.921875,0.11048543456039807,0.9045473334106207,0.00882532572800354,0.12685346603393555,0.13442420959472656,0.01828369356334382,77.125,66.0,28.417487070966914
39,0.0,5.0,8.0,320.0,0.0,0.7734375,0.875,0.21634519993684698,0.9073751517055992,0.00852432763387505,0.1338200569152832,0.13475418090820312,0.00789495614771133,83.625,82.5,23.457788837459876
40,0.0,6.0,1.0,40.0,0.0,0.94140625,0.9375,0.030969725280159836,0.7901803000832772,0.011023830440130406,0.10721206665039062,0.10001564025878906,0.01985754942409808,83.875,78.0,35.73488691541003
41,0.0,6.0,2.0,80.0,0.0,0.953125,0.96875,0.023622779563076707,0.896080586723042,0.007943031984234263,0.09784841537475586,0.09649276733398438,0.013227435117962384,104.875,99.5,34.369577494389674
42,0.0,6.0,3.0,120.0,0.0,0.92578125,0.96875,0.08172508767420895,0.9080856660070223,0.00977676690312487,0.12296438217163086,0.12154197692871094,0.023970547113690253,74.5,56.0,49.27184069744387
43,0.0,6.0,4.0,160.0,0.0,0.8046875,0.953125,0.2526367645878734,0.9088117377611699,0.007321611006316531,0.12119865417480469,0.11686515808105469,0.019187655307497133,65.625,61.5,15.361710284247092
44,0.0,6.0,5.0,200.0,0.0,0.91796875,0.953125,0.08341467384399463,0.9092411935180833,0.008085727120648447,0.11730146408081055,0.12074470520019531,0.013007765836316333,97.625,91.5,27.302210794837006
45,0.0,6.0,6.0,240.0,0.0,0.7890625,0.8125,0.15010227168262882,0.9092172319249605,0.007236467765118727,0.1312723159790039,0.12890052795410156,0.016817603896725535,80.0,77.0,21.199730456507496
46,0.0,6.0,7.0,280.0,0.0,0.85546875,0.90625,0.1502764379818074,0.9084782226900922,0.009271245993658129,0.12952709197998047,0.12939453125,0.020794976813631138,85.875,99.5,24.02045259476063
47,0.0,6.0,8.0,320.0,0.0,0.88671875,0.90625,0.08341467384399465,0.9095063980232722,0.007826622684183385,0.1225728988647461,0.11273956298828125,0.02139547504837576,119.625,96.0,58.76086525668496
48,0.0,7.0,1.0,24.0,0.0,0.94140625,0.953125,0.030969725280159843,0.24460888814283538,0.17375696570236765,0.12793636322021484,0.12271690368652344,0.016591284874127143,87.75,80.5,27.577164466275352
49,0.0,7.0,2.0,48.0,0.0,0.92578125,0.9375,0.04706064429086611,0.43582231281283923,0.07671873477687786,0.11198186874389648,0.11266326904296875,0.021514881653623502,89.125,92.0,24.993927834004573
50,0.0,7.0,3.0,72.0,0.0,0.94921875,0.953125,0.023250744035713908,0.5446069440313124,0.046059055158523175,0.10793399810791016,0.10233688354492188,0.01947005562155571,86.375,69.0,34.309255311067304
51,0.0,7.0,4.0,96.0,0.0,0.96484375,0.96875,0.011048543456039804,0.6160017856051165,0.02761409576837677,0.09966611862182617,0.10163307189941406,0.010996892640233425,84.625,89.0,26.0051505887364
52,0.0,7.0,5.0,120.0,0.0,0.89453125,0.90625,0.07269044414256152,0.668156417518106,0.024478546669809993,0.10306358337402344,0.10335731506347656,0.011905047404371677,84.0,79.0,20.94891746265527
53,0.0,7.0,6.0,144.0,0.0,0.86328125,0.90625,0.12038060456467703,0.707457006935639,0.015384482577893668,0.11346054077148438,0.10668182373046875,0.02656649414692256,90.875,99.5,25.70401580631767
54,0.0,7.0,7.0,168.0,0.0,0.875,0.875,0.08183170883849715,0.7414413252148585,0.010444067812910794,0.11024951934814453,0.10624885559082031,0.017261331372188164,83.5,67.0,34.36360200644197
55,0.0,7.0,8.0,192.0,0.0,0.90625,0.9375,0.0867956343536767,0.7661514351111995,0.014412256318952054,0.11134576797485352,0.11152076721191406,0.02103827907703744,81.125,73.0,23.098778570058016
56,0.0,8.0,1.0,24.0,0.0,0.89453125,0.890625,0.04399643603666747,0.3191689418752483,0.13165028990635472,0.11164665222167969,0.10307502746582031,0.022536306715535234,111.75,92.0,54.444598315299245
57,0.0,8.0,2.0,48.0,0.0,0.94140625,0.9375,0.030969725280159836,0.4984144120366121,0.05301508468270242,0.10825490951538086,0.10229873657226562,0.027852375136383237,76.75,70.0,23.29776200165403
58,0.0,8.0,3.0,72.0,0.0,0.921875,0.90625,0.04419417382415923,0.6024972354798067,0.03081103001230125,0.11403512954711914,0.11064529418945312,0.024894130306082396,89.75,78.0,38.57738049316316
59,0.0,8.0,4.0,96.0,0.0,0.88671875,0.9375,0.10556171498058782,0.6704404856300814,0.0189056248541986,0.1033029556274414,0.10295295715332031,0.005806065822289936,79.125,72.0,27.157937540037377
60,0.0,8.0,5.0,120.0,0.0,0.9140625,0.90625,0.032346823094172854,0.7195895013189579,0.01622411957833953,0.11607503890991211,0.11291694641113281,0.029753728436076942,86.375,79.0,37.4392364848888
61,0.0,8.0,6.0,144.0,0.0,0.8828125,0.875,0.0641522672464282,0.7592385905254398,0.011871179358305547,0.1160593032836914,0.11757087707519531,0.01515098085419548,77.875,65.0,31.261283677143794
62,0.0,8.0,7.0,168.0,0.0,0.83984375,0.90625,0.23231985868855773,0.7867176052502158,0.010778582143608606,0.11612272262573242,0.11355400085449219,0.013407063742750726,75.375,71.0,18.768800098643947
63,0.0,8.0,8.0,192.0,0.0,0.8828125,0.921875,0.10663009743300167,0.8122497062203825,0.00940729149274285,0.11855220794677734,0.12355422973632812,0.011696662294223135,99.375,87.5,35.94415311086273
64,0.0,9.0,1.0,5.0,0.0,0.953125,0.96875,0.023622779563076707,0.9999999999999999,0.8922983483286728,0.13964509963989258,0.13854026794433594,0.0043721054646235,54.125,54.0,10.722972668861134
65,0.0,9.0,2.0,10.0,0.0,0.96875,0.96875,0.0,0.9999999999999998,0.13428135253658632,0.12644338607788086,0.12357711791992188,0.005764549411495361,62.625,60.0,22.58910925961573
66,0.0,9.0,3.0,15.0,0.0,0.95703125,0.96875,0.033145630368119405,0.9999999999999996,0.03321199041696135,0.11684417724609375,0.11075592041015625,0.013311818088348961,88.5,73.0,47.928518203078816
67,0.0,9.0,4.0,20.0,0.0,0.96484375,0.96875,0.011048543456039804,0.9827629876407593,0.009673678566610324,0.10418415069580078,0.10072517395019531,0.016871545024917133,94.75,94.5,33.80088756231114
68,0.0,9.0,5.0,25.0,0.0,0.96875,0.96875,0.0,0.8543772538819527,0.007738776138437353,0.10117340087890625,0.10007095336914062,0.013107157537848262,95.625,97.0,20.17025745285086
69,0.0,9.0,6.0,30.0,0.0,0.921875,0.953125,0.060226506978714456,0.8633979350693866,0.009156883694748874,0.1073617935180664,0.10661506652832031,0.007237417233866874,73.5,70.0,14.92840054584358
70,0.0,9.0,7.0,35.0,0.0,0.95703125,0.96875,0.016173411547086437,0.9059858156671571,0.009439370054743858,0.09935235977172852,0.10266494750976562,0.011496472136688437,116.0,116.0,42.13244423413929
71,0.0,9.0,8.0,40.0,0.0,0.94921875,0.96875,0.043996436036667454,0.9097794290961982,0.008611499533964555,0.09897232055664062,0.09624671936035156,0.01405983211976602,101.0,91.0,37.610788725729066
72,0.0,10.0,1.0,10.0,0.0,0.94140625,0.96875,0.04555431167847891,0.37317662390107975,0.2746463962523163,0.11949300765991211,0.10369300842285156,0.04710115136536304,123.25,116.5,34.26681026466114
73,0.0,10.0,2.0,15.0,0.0,0.9609375,0.96875,0.014465939058946123,0.5728603191760985,0.16008184024874342,0.11964654922485352,0.10949325561523438,0.027456674183569445,99.75,86.0,37.57563800427841
74,0.0,10.0,3.0,20.0,0.0,0.94921875,0.953125,0.023250744035713904,0.6900442426558233,0.13948046711923498,0.11772918701171875,0.1108856201171875,0.023165665491569037,93.0,87.0,29.081167199998795
75,0.0,10.0,4.0,25.0,0.0,0.953125,0.96875,0.023622779563076714,0.7599776233568437,0.11772142695008617,0.1098175048828125,0.10842132568359375,0.02428371681459188,78.75,84.0,22.688889666215804
76,0.0,10.0,5.0,30.0,0.0,0.95703125,0.96875,0.023250744035713894,0.8037938493177738,0.11794594252089213,0.10238456726074219,0.10579872131347656,0.015422956441076906,116.625,107.5,34.87093550303953
77,0.0,10.0,6.0,35.0,0.0,0.96875,0.96875,0.0,0.8268116262637902,0.11738763826296524,0.09619808197021484,0.09674453735351562,0.01326482897268164,92.125,90.5,37.7829799172666
78,0.0,10.0,7.0,40.0,0.0,0.94140625,0.96875,0.0455543116784789,0.8456633398167626,0.112245547091623,0.10162019729614258,0.0982208251953125,0.02078745948325583,89.375,76.0,36.38263910949051
79,0.0,10.0,8.0,45.0,0.0,0.91796875,0.96875,0.07823652753715125,0.8556071250117812,0.11690544200442035,0.10564136505126953,0.09825515747070312,0.023023319288882297,107.125,101.0,44.82804447473224
80,0.0,11.0,1.0,16.0,0.0,0.9453125,0.96875,0.036405148281919854,0.6351973310378763,0.2289627350970123,0.12441110610961914,0.1189117431640625,0.02840876660707462,71.75,72.0,15.322718893385543
81,0.0,11.0,2.0,32.0,0.0,0.9609375,0.96875,0.014465939058946114,0.7796594597992158,0.026408694542807854,0.0988311767578125,0.09720993041992188,0.015029382869434069,109.625,94.5,48.09792837831702
82,0.0,11.0,3.0,48.0,0.0,0.94921875,0.96875,0.04706064429086611,0.8511125966908428,0.012769605693342068,0.1103825569152832,0.10666084289550781,0.013290415352552714,71.625,69.5,19.76242827763257
83,0.0,11.0,4.0,64.0,0.0,0.953125,0.96875,0.023622779563076714,0.8801327918310292,0.008881840895724186,0.11479616165161133,0.1139984130859375,0.010700710148216712,74.625,69.5,28.420000502664116
84,0.0,11.0,5.0,80.0,0.0,0.91796875,0.90625,0.04993718152052923,0.8964538430867035,0.010046726305158477,0.1179342269897461,0.11569023132324219,0.0203910519435274,78.0,74.5,30.533354127670197
85,0.0,11.0,6.0,96.0,0.0,0.89453125,0.9375,0.10556171498058782,0.9017901498497944,0.00992048071014894,0.11318159103393555,0.11528778076171875,0.019948787881778264,88.5,70.0,46.32802299133554
86,0.0,11.0,7.0,112.0,0.0,0.91015625,0.9375,0.08257420229059781,0.9056890050950722,0.009990477554839816,0.1180410385131836,0.11837959289550781,0.0075586757341050866,71.75,64.5,23.33452377915607
87,0.0,11.0,8.0,128.0,0.0,0.84765625,0.9375,0.23171857690726602,0.9081116691856451,0.008771536347403505,0.13087892532348633,0.13457679748535156,0.015311384758316327,67.5,64.0,21.0916367989102
88,0.0,12.0,1.0,16.0,0.0,0.92578125,0.9375,0.07269044414256151,0.43145432414128454,0.22345154982198426,0.1486797332763672,0.14569091796875,0.03259468596017612,80.5,80.5,25.382783816707622
89,0.0,12.0,2.0,32.0,0.0,0.9453125,0.96875,0.03640514828191985,0.6186843875237328,0.054947362278494366,0.11886405944824219,0.11154365539550781,0.020898872299025827,88.375,76.5,33.767852421243155
90,0.0,12.0,3.0,48.0,0.0,0.95703125,0.96875,0.03314563036811941,0.7114692187759116,0.020864367198983665,0.09485578536987305,0.09118843078613281,0.012580724756391536,84.125,73.0,30.810190800169625
91,0.0,12.0,4.0,64.0,0.0,0.95703125,0.96875,0.037116716848919346,0.772748855845103,0.014990786709585866,0.09730386734008789,0.09568405151367188,0.011872193634071257,116.375,119.0,35.8007880998649
92,0.0,12.0,5.0,80.0,0.0,0.87109375,0.953125,0.23999947684094763,0.8125077768345896,0.011633440840021395,0.11534309387207031,0.10733413696289062,0.02151230706677418,72.375,63.0,25.12788718308235
93,0.0,12.0,6.0,96.0,0.0,0.890625,0.921875,0.09300297614285562,0.8405415375139585,0.01089895991860802,0.10576629638671875,0.10503196716308594,0.00986673009512549,82.5,81.0,22.23896194905303
94,0.0,12.0,7.0,112.0,0.0,0.89453125,0.890625,0.06455872707133738,0.8589218944477338,0.00784599099121524,0.12087821960449219,0.12151336669921875,0.024927694876310736,77.75,71.5,27.566801980436026
95,0.0,12.0,8.0,128.0,0.0,0.85546875,0.859375,0.10151956510059663,0.8750653051709016,0.009910524409093704,0.11582279205322266,0.11094284057617188,0.021982186928893945,91.25,90.5,36.31508934707052
96,0.0,13.0,1.0,10.0,0.0,0.92578125,0.9375,0.0371167168489194,0.21683908251488246,0.3115926118459547,0.1350698471069336,0.12769126892089844,0.019152904916689053,103.625,111.5,32.85003805172834
97,0.0,13.0,2.0,20.0,0.0,0.94921875,0.953125,0.02325074403571391,0.40708177671372614,0.11802422870367126,0.134002685546875,0.13078880310058594,0.02019581187600041,82.375,87.0,18.06288617975702
98,0.0,13.0,3.0,30.0,0.0,0.91796875,0.921875,0.049937181520529214,0.5413950949719862,0.061086575240835134,0.10415029525756836,0.10694313049316406,0.014698963495151644,107.125,110.5,30.413519080454055
99,0.0,13.0,4.0,40.0,0.0,0.953125,0.96875,0.028931878117892242,0.6338156388916766,0.028422039829320296,0.1074533462524414,0.10213470458984375,0.022836451582685588,72.5,71.5,16.23048278482718
100,0.0,13.0,5.0,50.0,0.0,0.93359375,0.953125,0.04238133380814179,0.6990696777419128,0.019259339482658722,0.10009241104125977,0.10154914855957031,0.01423100848603558,92.25,94.0,28.323387610140948
101,0.0,13.0,6.0,60.0,0.0,0.9375,0.9375,0.028931878117892225,0.7517362663985283,0.015793519082139,0.1076350212097168,0.10502815246582031,0.01852482130404033,97.0,88.5,44.67981327496473
102,0.0,13.0,7.0,70.0,0.0,0.89453125,0.921875,0.07823652753715127,0.7864066643190426,0.00988910397267616,0.11785650253295898,0.11932945251464844,0.014173107428307212,73.25,64.0,31.80633360107476
103,0.0,13.0,8.0,80.0,0.0,0.91015625,0.90625,0.05890912151962789,0.8175592588228848,0.009880052170560559,0.11241388320922852,0.10234260559082031,0.026811027364706346,94.125,87.0,50.61179280986371
104,0.0,14.0,1.0,10.0,0.0,0.96484375,0.96875,0.011048543456039808,0.3360584088618922,0.15271202542760232,0.14025163650512695,0.1425151824951172,0.0201800131246047,72.25,70.5,18.752142734707874
105,0.0,14.0,2.0,20.0,0.0,0.9453125,0.96875,0.04339781717683835,0.5515619570356197,0.03932389357619265,0.11269950866699219,0.10858345031738281,0.01417587845003919,88.375,84.5,27.557407611851197
106,0.0,14.0,3.0,30.0,0.0,0.9453125,0.9375,0.02209708691207961,0.6757096544137522,0.01909660599724791,0.11523246765136719,0.11721038818359375,0.010119962629238458,92.875,93.0,25.136413541201254
107,0.0,14.0,4.0,40.0,0.0,0.953125,0.953125,0.016703827619526535,0.7528812253125087,0.011112959286206758,0.10454845428466797,0.10021209716796875,0.01747989987910376,93.625,78.5,36.114648788862084
108,0.0,14.0,5.0,50.0,0.0,0.94140625,0.96875,0.04555431167847892,0.802887329945408,0.010301255695083689,0.10140085220336914,0.10156631469726562,0.009442140718875187,85.25,78.5,27.96809406653027
109,0.0,14.0,6.0,60.0,0.0,0.94140625,0.96875,0.042381333808141824,0.8383310129511203,0.010089786013623273,0.0986785888671875,0.09697914123535156,0.009122769467174404,76.75,78.0,23.18712697043032
110,0.0,14.0,7.0,70.0,0.0,0.91015625,0.9375,0.07733980419227864,0.8612306888175162,0.008324027290516603,0.10716915130615234,0.10806083679199219,0.018113435670216154,78.125,61.0,39.09489371114486
111,0.0,14.0,8.0,80.0,0.0,0.95703125,0.96875,0.023250744035713908,0.8768503784658959,0.008410286044734025,0.10120725631713867,0.10189628601074219,0.018947386926255843,95.75,91.0,33.10049632774193
112,0.0,15.0,1.0,5.0,0.0,0.95703125,0.96875,0.023250744035713904,0.6689780498249691,0.7003588531234759,0.09655284881591797,0.09489822387695312,0.007565990131542941,97.25,86.0,37.33535283653512
113,0.0,15.0,2.0,10.0,0.0,0.9375,0.9375,0.03340765523905303,0.7277215315148463,0.22502960273782915,0.11639976501464844,0.11514663696289062,0.01566784569035772,91.125,78.0,51.09777042941446
114,0.0,15.0,3.0,15.0,0.0,0.95703125,0.96875,0.023250744035713904,0.8342981951643385,0.1232488338015701,0.11214399337768555,0.11440849304199219,0.013301165758653831,90.625,99.0,27.999681120633195
115,0.0,15.0,4.0,20.0,0.0,0.94140625,0.953125,0.03518723832686263,0.8470818527457364,0.0972228619226922,0.09362268447875977,0.09107398986816406,0.008589280544962167,119.0,118.0,35.1324026261472
116,0.0,15.0,5.0,25.0,0.0,0.953125,0.953125,0.016703827619526528,0.8711299787439903,0.09567178641777722,0.09657621383666992,0.0944671630859375,0.01441103155453903,96.375,96.0,21.4405323761195
117,0.0,15.0,6.0,30.0,0.0,0.94140625,0.953125,0.035187238326862616,0.8732609878052942,0.0928191287047063,0.10060310363769531,0.09994316101074219,0.009891674041859115,90.5,94.0,28.475553424949318
118,0.0,15.0,7.0,35.0,0.0,0.93359375,0.96875,0.09943689110435824,0.8813657006744343,0.0925404126464042,0.0977773666381836,0.09986114501953125,0.010997999846827164,87.875,75.5,30.366511159499375
119,0.0,15.0,8.0,40.0,0.0,0.92578125,0.96875,0.07823652753715127,0.8818988861979561,0.08309845845879882,0.09983110427856445,0.09822654724121094,0.013984752039352719,93.75,84.5,35.30985293492051
120,0.0,16.0,1.0,14.0,0.0,0.91796875,0.9375,0.04993718152052921,0.1818708988909578,0.3160205033864501,0.13194799423217773,0.13898468017578125,0.01978484457769663,123.0,115.0,42.62460724578167
121,0.0,16.0,2.0,28.0,0.0,0.92578125,0.9375,0.04070219314466623,0.34952452625514757,0.12284049992005519,0.11839962005615234,0.11591339111328125,0.019411730871750833,82.125,88.5,22.509918448795602
122,0.0,16.0,3.0,42.0,0.0,0.91796875,0.90625,0.0371167168489194,0.4661651744111109,0.07422362368842143,0.1092691421508789,0.10078239440917969,0.02465142503148778,95.625,102.0,37.53831376074317
123,0.0,16.0,4.0,56.0,0.0,0.93359375,0.953125,0.0423813338081418,0.5433073963988752,0.050596081348368946,0.11536073684692383,0.10562896728515625,0.03006413883293237,83.5,71.5,34.05457804340388
124,0.0,16.0,5.0,70.0,0.0,0.9296875,0.953125,0.049410588440130916,0.6002215910220703,0.04315734708305884,0.09588289260864258,0.09514236450195312,0.012886161006347973,96.125,98.5,21.596544035695025
125,0.0,16.0,6.0,84.0,0.0,0.9375,0.9375,0.023622779563076696,0.6425523954298347,0.02792497300372107,0.10153913497924805,0.09947395324707031,0.011505204366627336,85.25,91.5,20.638037005213736
126,0.0,16.0,7.0,98.0,0.0,0.94140625,0.96875,0.04852023464125928,0.675729405447271,0.017146291180172503,0.11443281173706055,0.11227226257324219,0.020411707406774938,79.375,67.5,37.13272526645851
127,0.0,16.0,8.0,112.0,0.0,0.93359375,0.96875,0.04852023464125927,0.706688529870009,0.014415358501222632,0.11119318008422852,0.10874366760253906,0.018508062447386595,85.125,70.5,42.672967354721685
128,0.0,17.0,1.0,14.0,0.0,0.93359375,0.9375,0.03895073296119452,0.3206840483530088,0.1954226004762756,0.14072847366333008,0.13629722595214844,0.043145827207311194,84.125,86.5,29.78704176555398
129,0.0,17.0,2.0,28.0,0.0,0.9296875,0.921875,0.03640514828191985,0.49052565267714093,0.0633389647042638,0.10580635070800781,0.09979438781738281,0.023296202047593327,88.0,96.5,29.980946330246862
130,0.0,17.0,3.0,42.0,0.0,0.953125,0.96875,0.03340765523905305,0.5931522937657477,0.030985926652327113,0.11015844345092773,0.10273933410644531,0.021732101264888056,91.25,86.5,27.269815861916946
131,0.0,17.0,4.0,56.0,0.0,0.90234375,0.90625,0.05649129792340966,0.6664861141407716,0.02643503303003133,0.1026449203491211,0.10101890563964844,0.012348029296868693,75.125,77.5,25.67064749586856
132,0.0,17.0,5.0,70.0,0.0,0.8671875,0.90625,0.14916995041610376,0.7169896695114573,0.014323805155625879,0.10477972030639648,0.09377861022949219,0.023277149014964877,85.5,85.0,33.71307503879509
133,0.0,17.0,6.0,84.0,0.0,0.91796875,0.921875,0.043996436036667454,0.7516034274869331,0.010702493705693768,0.10234451293945312,0.09994125366210938,0.01592565027483028,98.5,106.0,30.085592185344417
134,0.0,17.0,7.0,98.0,0.0,0.8984375,0.96875,0.15194975379569203,0.7813064438924475,0.011285874183557818,0.10321235656738281,0.10268211364746094,0.005881611107757134,81.875,79.0,28.587897039531555
135,0.0,17.0,8.0,112.0,0.0,0.94921875,0.96875,0.03711671684891941,0.8049393978528607,0.009141172635919324,0.10392284393310547,0.10486221313476562,0.01653210121054204,86.5,76.0,32.438953655839676
136,0.0,18.0,1.0,15.0,0.0,0.91015625,0.9375,0.053965256266681194,0.21679729530244832,0.30543169583528,0.16180992126464844,0.16318702697753906,0.03049473370697841,91.75,78.0,41.571796758310626
137,0.0,18.0,2.0,30.0,0.0,0.9375,0.9375,0.023622779563076665,0.42113561993388265,0.10009781850203169,0.1289386749267578,0.12611007690429688,0.024504091870027143,99.875,89.0,40.16550581211268
138,0.0,18.0,3.0,45.0,0.0,0.91796875,0.90625,0.043996436036667474,0.5583126291096427,0.04365094642126932,0.112030029296875,0.10372734069824219,0.022883847688787658,94.75,90.0,25.460052743745162
139,0.0,18.0,4.0,60.0,0.0,0.9375,0.953125,0.03735089404169981,0.6499415633168119,0.02605434837857032,0.10151338577270508,0.09383583068847656,0.023830024043948975,108.5,111.5,42.798531349969075
140,0.0,18.0,5.0,75.0,0.0,0.9375,0.9375,0.0409158544192486,0.7131930660080676,0.01777539862483353,0.10398435592651367,0.10078620910644531,0.023111433923024262,97.25,85.0,33.5250439437232
141,0.0,18.0,6.0,90.0,0.0,0.94921875,0.9375,0.016173411547086434,0.7602963448015903,0.010560810556259789,0.10788345336914062,0.10749435424804688,0.006680612445273179,81.625,78.0,23.66997797089928
142,0.0,18.0,7.0,105.0,0.0,0.8984375,0.9375,0.09846761160764635,0.7960042687095052,0.012246679741057066,0.10217475891113281,0.09920883178710938,0.012258380619433457,101.875,103.0,33.65555568656427
143,0.0,18.0,8.0,120.0,0.0,0.95703125,0.96875,0.01617341154708644,0.8242507624441393,0.010456274704141804,0.10926437377929688,0.10638427734375,0.02236183411172092,91.75,101.0,27.285527299284507
144,0.0,19.0,1.0,15.0,0.0,0.9453125,0.953125,0.04005437152885348,0.38294132111821644,0.12140632766974829,0.1258563995361328,0.11553573608398438,0.024170914061247172,74.875,69.5,19.78771263760851
145,0.0,19.0,2.0,30.0,0.0,0.91015625,0.9375,0.08424676101234653,0.5990669570667407,0.03232505762844287,0.12966251373291016,0.12614059448242188,0.02860063699038974,63.625,68.0,11.770878107795161
146,0.0,19.0,3.0,45.0,0.0,0.9296875,0.953125,0.04941058844013093,0.7248404782666755,0.015004050291319813,0.10438251495361328,0.10267448425292969,0.016421560326182753,84.375,81.0,33.5258429104645
147,0.0,19.0,4.0,60.0,0.0,0.83203125,0.875,0.22654325657192778,0.7986218084932117,0.011184545065777839,0.11980009078979492,0.12141036987304688,0.00951455951692719,57.375,56.5,6.674846172652327
148,0.0,19.0,5.0,75.0,0.0,0.9296875,0.921875,0.03640514828191984,0.8402359686026775,0.008121372603786549,0.10491704940795898,0.10007286071777344,0.020754418100237537,84.125,74.0,39.43688447561314
149,0.0,19.0,6.0,90.0,0.0,0.95703125,0.96875,0.016173411547086427,0.8670373023992336,0.009570240079876818,0.10117626190185547,0.09893035888671875,0.01396501546361411,89.75,84.5,33.73743152218743
150,0.0,19.0,7.0,105.0,0.0,0.94140625,0.96875,0.04238133380814179,0.8817542156567318,0.007348337658230472,0.10843086242675781,0.10370254516601562,0.014914268470641614,92.625,80.5,36.355143082807814
151,0.0,19.0,8.0,120.0,0.0,0.7421875,0.828125,0.23843214630761755,0.8928608786190669,0.007504683133146084,0.11368513107299805,0.10861396789550781,0.013014626832115479,85.0,82.5,21.246848505803666
